tract,3
look,19
perfect,64
radiation,90
spy,3
reliance,86
lump,3
expand,64
publish,30
trust,65
trainer,27
exploit,22
crime,43
begin,17
mother,37
weapon,71
profound,55
ignorance,94
roll,53
tycoon,41
equip,37
hostage,5
incapable,91
throat,1
video,23
morale,59
hill,26
sweet,69
passage,21
terminal,5
hay,30
trend,76
volcano,84
tasty,31
curriculum,36
leadership,79
ignore,56
smooth,92
predict,82
advocate,81
explosion,76
ankle,4
inflation,63
murder,34
skip,80
deer,72
concrete,64
spite,36
cheek,32
assumption,26
competition,84
proof,27
prayer,68
flower,44
familiar,98
abstract,23
cream,9
base,25
articulate,4
tropical,75
quantity,27
chocolate,42
revoke,86
pursuit,90
fireplace,88
shelter,61
cry,20
knock,42
site,34
pole,46
reputation,71
personality,94
confine,94
sister,65
dividend,5
leftovers,48
black,83
influence,17
drama,18
crop,52
benefit,68
lazy,42
foundation,5
gift,10
carbon,41
spread,6
interface,31
monstrous,33
funeral,100
star,13
teach,50
reader,65
recruit,82
party,77
manufacture,57
proposal,96
window,95
Venus,73
captivate,69
reveal,94
safety,22
root,46
prestige,87
cage,55
orchestra,61
concern,22
dull,63
settlement,33
exposure,59
height,59
medicine,5
meat,49
matrix,59
abortion,34
mourning,64
session,96
introduce,55
mind,66
presidential,86
important,43
diplomat,94
deserve,93
say,34
chauvinist,81
relax,95
disturbance,96
freckle,36
assertive,36
initiative,92
secure,88
boot,91
bitter,73
preparation,92
bland,26
matter,26
hammer,68
strikebreaker,52
clock,68
feedback,86
sacrifice,97
despair,91
cluster,24
visit,64
trip,23
destruction,20
soldier,6
widen,31
chimney,10
major,18
creation,49
peak,85
text,36
agony,82
free,18
feminine,81
clothes,60
explain,27
finger,46
sail,52
flawed,96
bottom,78
result,1
charm,17
misplace,14
angel,6
house,6
formula,100
sound,100
environment,61
part,63
conductor,69
link,39
digress,51
quest,38
number,50
drum,100
command,92
technique,39
tell,45
torch,42
critical,59
seal,24
muscle,66
opera,58
bite,67
mechanical,86
package,44
retreat,30
generation,83
show,4
serve,93
capital,44
novel,37
sample,84
impound,45
nonsense,10
trade,31
chorus,49
copy,47
promote,7
awful,11
freshman,56
employee,88
compliance,91
lean,53
man,95
contain,73
check,90
memorandum,52
champagne,35
silver,24
recycle,27
suspect,25
go,18
rational,70
steam,85
counter,56
slime,15
mention,94
avant-garde,85
sustain,2
moment,67
penalty,88
deprive,63
offensive,89
neighbour,13
fruit,63
shake,80
design,21
coast,13
victory,85
behave,49
nursery,79
embryo,39
substitute,90
fascinate,14
eagle,78
rotten,23
panic,47
hesitate,63
speaker,47
tower,9
voter,64
bed,46
assume,99
frame,62
security,65
vehicle,55
fabricate,91
housing,47
shout,96
amputate,68
visual,96
miscarriage,24
artificial,65
buttocks,82
deprivation,95
brink,85
Europe,76
bride,48
future,89
hospitality,78
lift,38
dollar,4
leg,90
referee,63
form,29
biology,25
button,94
wander,35
coincide,60
wrestle,66
finished,74
overcharge,14
snow,25
couple,25
pumpkin,56
inspector,62
organisation,5
receipt,54
amber,33
bike,23
wisecrack,68
sickness,92
borrow,72
ballot,78
document,24
kidney,46
credit,47
west,6
praise,85
deep,79
creed,44
circulate,2
definite,33
welfare,94
complication,69
depend,40
tone,12
wording,91
empirical,18
inside,89
jealous,75
fat,51
dinner,79
mutual,90
witness,90
drop,21
cool,37
gap,36
cellar,95
ivory,20
represent,88
contemporary,87
rifle,57
native,92
ladder,83
humanity,31
established,18
property,65
guitar,71
competence,21
social,42
rent,64
general,52
define,67
fee,20
hotdog,12
portion,85
mean,93
duke,31
snub,1
export,66
transform,8
neighborhood,84
reproduction,7
pyramid,50
small,98
laundry,51
broken,95
folklore,52
canvas,24
audience,57
cunning,86
tumble,4
descent,38
problem,16
provide,75
prediction,64
recession,20
deal,74
drive,40
mystery,75
physics,55
key,26
deviation,29
please,44
old,95
course,84
alive,66
heal,52
pledge,71
acceptable,56
brilliance,45
head,3
evening,70
orientation,79
advantage,78
adjust,36
unlikely,92
refrigerator,29
weak,2
reproduce,61
inch,1
lover,97
vegetarian,27
beat,81
demonstrate,1
cultivate,10
profession,26
lack,11
loud,7
toast,63
siege,17
frown,57
resort,14
unanimous,31
dialogue,84
glacier,89
spontaneous,51
visible,45
win,94
fitness,47
thread,41
solve,72
protest,16
disorder,52
terms,12
miss,98
soup,60
tick,88
channel,100
boom,2
process,11
strong,69
fragrant,36
face,93
lead,17
shallow,25
emphasis,17
collapse,95
hard,81
prosecute,74
function,80
central,100
budget,21
bell,5
break-in,59
circumstance,75
birthday,21
charity,80
cash,52
drain,100
association,4
kill,21
sentence,10
card,60
decide,77
manage,83
advice,19
tactic,12
crash,24
sacred,26
chance,91
wolf,54
idea,6
fund,26
throne,25
stage,30
active,6
string,86
print,41
pat,80
chart,43
cart,81
lounge,97
pipe,2
shine,72
drift,30
triangle,81
owner,29
move,2
nuclear,67
inappropriate,34
tear,48
aviation,46
linen,29
demand,66
helicopter,93
cemetery,27
guilt,30
fantasy,62
wake,8
discuss,27
watch,83
transport,44
bomber,79
lip,90
retain,22
service,12
wilderness,61
bank,96
education,14
broccoli,83
strip,7
disability,18
hover,46
secretary,50
mug,38
spider,55
catalogue,43
calculation,61
shatter,30
bishop,3
bad,30
mercy,68
horoscope,84
lay,82
single,60
fit,8
have,99
happen,86
glove,20
pool,20
shelf,69
captain,41
performance,62
danger,59
kidnap,1
anticipation,47
literacy,47
essential,10
evaluate,11
bedroom,35
charter,51
trustee,27
motif,85
chapter,62
obligation,36
mobile,14
clerk,33
sigh,57
bench,86
harmful,70
suppress,6
incredible,37
director,24
thought,65
opposed,68
discipline,93
debut,99
freedom,80
die,16
tolerant,38
hear,79
lesson,13
sink,37
appeal,28
fashionable,30
forget,99
gold,53
exceed,13
story,18
mud,67
dance,73
pen,53
comment,22
liberal,21
negligence,28
write,74
cattle,53
terrify,52
gear,67
suit,36
smart,75
worth,24
loan,7
basket,38
infection,96
cucumber,17
labour,4
learn,30
basic,14
axis,83
strange,48
crack,47
mold,74
sleeve,40
pin,43
mist,64
jet,34
perfume,86
shell,5
pupil,34
graze,24
acute,80
contract,85
nuance,65
traction,28
gradual,34
fortune,84
heroin,62
vote,89
mechanism,87
grant,72
struggle,67
trace,14
greeting,23
cross,7
bind,95
peasant,66
inflate,57
hurl,55
resident,17
drown,92
emotion,11
inspire,56
mathematics,90
loose,67
picture,21
agree,20
north,19
guest,92
feminist,56
stick,100
electronics,48
drag,61
time,94
gallery,8
headline,82
enlarge,46
cheat,76
slow,75
routine,53
lose,49
resign,13
diameter,79
official,8
trolley,40
assault,24
pause,77
thaw,66
pastel,15
adviser,10
student,40
fur,49
paradox,21
barrel,72
notice,26
criminal,100
indoor,28
queen,36
pity,60
participate,64
hour,59
youth,22
neutral,31
consensus,59
horse,19
haircut,43
franchise,83
leash,95
serious,49
rabbit,86
justice,82
hardship,58
product,32
make,43
warn,45
joke,35
cinema,24
resource,83
main,56
deposit,2
writer,32
miner,69
sale,52
cylinder,26
stuff,53
feather,95
ensure,86
far,36
abnormal,69
edition,26
volume,98
revival,91
departure,91
wave,56
admire,77
helmet,7
theory,7
lodge,57
appointment,56
reverse,65
understand,48
progressive,13
permanent,87
hut,76
rare,83
wheel,77
meal,15
cycle,99
econobox,73
fountain,62
refuse,77
sympathetic,23
representative,6
step,26
hope,20
frank,77
tidy,65
disagreement,31
nervous,82
orange,97
permission,91
retired,80
jurisdiction,31
professional,82
solution,76
virtue,80
graduate,68
definition,12
flow,41
prosecution,99
domination,2
progress,70
self,95
penny,81
favour,89
loyalty,62
tongue,59
affinity,71
lock,51
excitement,27
taste,4
beach,9
boat,79
exchange,32
strain,51
white,6
eavesdrop,9
overeat,83
present,90
menu,7
registration,11
asset,85
ideology,11
bend,98
stop,10
glide,53
prosper,75
garlic,99
elegant,82
economy,68
stock,8
professor,71
facade,66
conservative,2
respectable,84
breathe,94
fade,47
designer,4
prescription,13
grand,88
stereotype,5
deputy,59
cabinet,65
parallel,32
practice,67
stitch,36
harmony,90
store,95
relationship,94
closed,7
wheat,35
aquarium,100
seed,23
forum,37
displace,67
contempt,57
embark,29
differ,4
beg,12
predator,28
grudge,58
twitch,84
linger,63
guerrilla,55
reconcile,20
resist,75
indication,86
dozen,94
cut,74
replace,33
citizen,68
reach,72
continuation,61
piano,46
sausage,59
foot,50
fish,3
hand,64
panel,14
debt,53
instal,1
option,96
offspring,9
reservoir,66
golf,82
steward,23
fine,94
prey,29
other,69
likely,28
enemy,34
constellation,54
temptation,10
legend,27
roar,76
majority,61
ribbon,41
distortion,50
imposter,16
robot,43
exclusive,45
useful,58
unique,80
legislature,51
nest,67
energy,36
reward,79
name,82
achievement,37
spell,83
garage,56
death,41
precision,53
implicit,3
ecstasy,43
heir,48
belong,81
commerce,89
scholar,43
grandfather,52
round,83
dependence,75
album,23
culture,93
bin,51
tribe,44
staff,78
nonremittal,13
recording,10
thank,38
cousin,88
call,19
cupboard,14
eggwhite,73
guide,73
last,55
acquaintance,61
palace,85
polite,17
viable,92
governor,25
night,19
current,51
protection,95
monkey,92
tiptoe,38
final,49
museum,43
runner,38
restrain,63
blackmail,39
shark,89
poor,28
raid,40
system,78
heart,45
still,93
clay,77
firm,97
meaning,26
mine,50
aware,69
missile,56
spoil,77
budge,36
cherry,86
care,96
frozen,78
practical,43
index,26
river,12
funny,41
shareholder,28
distribute,21
file,22
relative,69
executive,70
stride,70
inhabitant,2
transaction,90
accident,59
personal,89
outlook,34
scheme,16
cathedral,57
detector,47
freight,39
mosaic,36
grip,66
version,36
scramble,53
glow,75
end,46
fuss,72
pump,39
broadcast,55
absence,58
obese,17
yearn,58
undertake,47
primary,24
threshold,45
banner,86
bolt,19
breast,78
valley,46
pest,98
marble,14
surround,26
appoint,78
navy,17
policeman,88
journal,28
bill,65
instruction,51
extent,21
exploration,16
red,13
ceremony,5
chain,58
page,68
crowd,2
prisoner,42
find,83
rush,40
turn,48
knee,58
drawing,73
balance,9
park,87
wriggle,96
aid,76
treatment,28
ethnic,78
haunt,32
cassette,71
ancestor,14
density,51
plastic,71
pace,83
raw,75
reliable,48
brake,48
dismissal,78
new,26
coat,79
proportion,9
scrap,65
stand,17
truth,82
whip,33
series,42
skeleton,77
pneumonia,51
reference,71
frequency,19
agent,41
compensation,1
kettle,2
hole,11
killer,29
plot,72
estimate,35
letter,64
apparatus,6
elite,18
concert,58
expansion,14
pie,83
remember,33
economist,36
stamp,26
preoccupation,69
constitution,61
sharp,43
achieve,75
raise,97
bush,26
bitch,46
green,18
plan,34
food,51
convulsion,14
beef,15
posture,3
marsh,12
leader,9
front,74
courtship,62
aspect,87
romantic,59
sting,82
beard,81
crackpot,11
sheep,52
exact,88
straw,10
gate,78
veteran,99
blast,71
cotton,65
financial,67
mayor,10
bat,31
explicit,57